<C><P L="5400" D="x_transformice/x_evt/x_evt_04/cwlb1bml/fond.jpg" DS="m;5360,350,40,350" mc="" Ca="" /><Z><S><S Y="380" L="120" o="324650" H="40" c="1" N="" i="-30,-10,x_transformice/x_evt/x_evt_04/cwlb1bml/nuage11.png" T="12" X="60" P="0,0,0.3,0.2,0,0,0,0" /><S P="0,0,0.3,0.2,50,0,0,0" L="50" o="0" H="27" c="3" N="" Y="388" T="12" m="" X="125" /><S P="1,0,0.3,0.2,0,0,0,0" L="150" o="324650" X="80" c="4" Y="200" T="13" m="" H="10" /><S P="1,0,0.3,1.2,0,1,9999,9999" i="-10,-10,x_transformice/x_evt/x_evt_04/cwlb1bml/nuage_plateforme.png" L="150" o="324650" H="40" c="1" N="" Y="380" T="12" X="215" /><S X="80" L="10" o="0" H="10" c="4" Y="340" T="12" m="" P="1,0,0.3,0.2,0,1,0,0" /><S Y="150" L="150" o="324650" H="40" c="1" N="" i="-10,-10,x_transformice/x_evt/x_evt_04/cwlb1bml/nuage_plateforme.png" T="12" X="360" P="1,0,0.3,0.2,0,1,9999,9999" /><S P="1,0,0.3,0.2,0,1,0,0" L="10" o="0" H="10" c="4" Y="200" T="12" m="" X="-65" /><S P="0,0,0.3,0.2,0,0,0,0" i="-90,-10,x_transformice/x_evt/x_evt_04/cwlb1bml/nuage2.png" L="150" o="324650" H="40" c="1" N="" Y="380" T="12" X="830" /><S P="1,0,0.3,0.2,0,0,0,0" L="400" o="324650" X="1120" c="4" Y="700" T="13" m="" H="10" /><S Y="380" L="150" o="324650" H="40" c="1" N="" i="-90,-10,x_transformice/x_evt/x_evt_04/cwlb1bml/nuage2.png" T="12" X="1370" P="0,0,0.3,0.2,0,0,0,0" /><S Y="315" L="100" o="324650" X="1120" c="3" N="" i="-250,0,x_transformice/x_evt/x_evt_04/cwlb1bml/arc en ciel petit.png" T="12" H="30" P="1,0,0.3,0.2,0,0,0,0" /><S X="1215" L="100" o="324650" H="30" c="3" Y="329" T="12" m="" P="1,0,0.3,0.2,15,0,0,0" /><S P="1,0,0.3,0.2,30,0,0,0" L="100" o="324650" H="30" c="3" Y="365" T="12" m="" X="1302" /><S P="1,0,0.3,0.2,-15,0,0,0" L="100" o="0" H="30" c="3" Y="327" T="12" m="" X="1027" /><S X="939" L="100" o="324650" H="30" c="3" Y="364" T="12" m="" P="1,0,0.3,0.2,-30,0,0,0" /><S P="1,0,0.3,0.2,-40,0,0,0" L="50" o="324650" H="30" c="3" Y="400" T="12" m="" X="880" /><S X="1358" L="50" o="324650" H="30" c="3" Y="402" T="12" m="" P="1,0,0.3,0.2,40,0,0,0" /><S Y="380" L="150" o="324650" H="40" c="1" N="" i="-10,-10,x_transformice/x_evt/x_evt_04/cwlb1bml/nuage_plateforme.png" T="12" X="1530" P="1,0,50,0.2,0,1,0,0" /><S P="1,0,0.3,0.2,0,0,0,0" L="300" o="324650" X="1800" c="4" Y="-300" T="13" H="10" /><S X="1505" L="10" o="0" H="10" c="4" Y="-300" T="12" m="" P="1,0,0.3,0.2,0,1,0,0" /><S P="0,0,0,0.2,0,0,0,0" L="2500" o="324650" X="2734" c="2" Y="405" T="12" H="10" /><S Y="200" L="100" o="324650" H="40" c="1" N="" i="-390,0,x_transformice/x_evt/x_evt_04/cwlb1bml/arc en ciel grand.png" T="12" X="2700" P="0,0,5,0.2,0,0,0,0" /><S Y="380" L="150" o="324650" H="40" c="1" N="" i="-90,-10,x_transformice/x_evt/x_evt_04/cwlb1bml/nuage2.png" T="12" X="3100" P="0,0,0.3,0.2,0,0,0,0" /><S P="0,0,0.3,0.2,0,0,0,0" i="-90,-10,x_transformice/x_evt/x_evt_04/cwlb1bml/nuage2.png" L="150" o="324650" H="40" c="1" N="" Y="380" T="12" X="2300" /><S L="100" o="324650" H="40" X="2605" Y="208" T="12" m="" P="0,0,5,0.2,-10,0,0,0" /><S P="0,0,5,0.2,-20,0,0,0" L="100" o="324650" X="2514" Y="233" T="12" m="" H="40" /><S L="100" o="324650" X="2428" H="40" Y="273" T="12" m="" P="0,0,5,0.2,-30,0,0,0" /><S P="0,0,5,0.2,-40,0,0,0" L="100" o="324650" H="40" Y="327" T="12" m="" X="2351" /><S L="100" o="324650" H="40" X="2287" Y="391" T="12" m="" P="0,0,5,0.2,-50,0,0,0" /><S P="0,0,5,0.2,10,0,0,0" L="100" o="324650" X="2796" Y="208" T="12" m="" H="40" /><S L="100" o="324650" X="2889" H="40" Y="233" T="12" m="" P="0,0,5,0.2,20,0,0,0" /><S P="0,0,5,0.2,30,0,0,0" L="100" o="324650" H="40" Y="273" T="12" m="" X="2976" /><S L="100" o="324650" H="40" X="3054" Y="328" T="12" m="" P="0,0,5,0.2,40,0,0,0" /><S P="0,0,5,0.2,50,0,0,0" L="100" o="324650" X="3119" Y="393" T="12" m="" H="40" /><S Y="380" L="120" o="324650" H="40" c="1" N="" i="-80,-10,x_transformice/x_evt/x_evt_04/cwlb1bml/nuage1.png" T="12" X="5340" P="0,0,0.3,0.2,0,0,0,0" /><S P="0,0,0.3,0.2,-50,0,0,0" L="50" o="0" H="27" c="3" N="" Y="388" T="12" m="" X="5275" /><S P="1,0,0.3,1.2,0,1,9999,9999" i="-10,-10,x_transformice/x_evt/x_evt_04/cwlb1bml/nuage_plateforme.png" L="150" o="324650" H="40" c="1" N="" Y="380" T="12" X="5185" /><S X="225" L="10" o="0" H="10" c="4" Y="203" T="12" m="" P="1,0,0.3,0.2,0,1,0,0" /><S Y="150" L="150" o="324650" H="40" c="1" N="" i="-10,-10,x_transformice/x_evt/x_evt_04/cwlb1bml/nuage_plateforme.png" T="12" X="5040" P="1,0,0.3,0.2,0,1,9999,9999" /><S P="0,0,0.3,0.2,0,0,0,0" i="-90,-10,x_transformice/x_evt/x_evt_04/cwlb1bml/nuage2.png" L="150" o="324650" H="40" c="3" N="" Y="380" T="12" X="4540" /><S P="1,0,0,0.2,0,0,0,0" L="400" o="324650" X="4280" c="2" Y="700" T="13" m="" H="10" /><S Y="380" L="150" o="324650" H="40" c="3" N="" i="-90,-10,x_transformice/x_evt/x_evt_04/cwlb1bml/nuage2.png" T="12" X="4050" P="0,0,0.3,0.2,0,0,0,0" /><S Y="315" L="100" o="324650" X="4280" c="3" N="" i="-250,0,x_transformice/x_evt/x_evt_04/cwlb1bml/arc en ciel petit.png" T="12" H="30" P="1,0,0.3,0.2,0,0,0,0" /><S X="4185" L="100" o="324650" H="30" c="3" Y="329" T="12" m="" P="1,0,0.3,0.2,-15,0,0,0" /><S P="1,0,0.3,0.2,-30,0,0,0" L="100" o="324650" H="30" c="3" Y="365" T="12" m="" X="4098" /><S P="1,0,0.3,0.2,15,0,0,0" L="100" o="0" H="30" c="3" Y="327" T="12" m="" X="4373" /><S X="4461" L="100" o="324650" H="30" c="3" Y="364" T="12" m="" P="1,0,0.3,0.2,30,0,0,0" /><S P="1,0,0.3,0.2,40,0,0,0" L="50" o="324650" H="30" c="3" Y="400" T="12" m="" X="4520" /><S X="4042" L="50" o="324650" H="30" c="3" Y="402" T="12" m="" P="1,0,0.3,0.2,-40,0,0,0" /><S Y="380" L="150" o="324650" H="40" c="1" N="" i="-10,-10,x_transformice/x_evt/x_evt_04/cwlb1bml/nuage_plateforme.png" T="12" X="3255" P="1,0,50,0.2,0,1,0,0" /><S X="2095" L="10" o="0" H="10" c="4" Y="-300" T="12" m="" P="1,0,0.3,0.2,0,1,0,0" /><S P="0,0,0,0.2,0,0,0,0" L="1000" o="324650" X="3450" c="2" Y="405" T="12" H="10" /><S P="0,0,0.3,0.2,0,0,0,0" L="1074" o="324650" X="4283" Y="1124" T="12" H="35" /><S P="0,0,0.3,0.2,0,0,0,0" L="129" o="324650" X="3805" Y="808" T="12" H="743" /><S P="0,0,0.3,0.2,0,0,0,0" L="147" o="324650" X="4761" Y="787" T="12" H="739" /><S L="13" o="324650" H="40" X="3985" Y="380" T="12" P="0,0,0.3,0.2,0,0,0,0" /></S><D><DC Y="325" X="1420" /></D><O><O C="12" Y="200" X="80" P="0" /><O C="13" Y="700" P="0" X="1120" /><O C="12" Y="-300" X="1800" P="0" /></O><L><JP M1="3" M2="4" AXIS="1,0" /><JP M1="5" M2="6" AXIS="0,1" /><JR M1="2" M2="6" P1="-65,200" /><JR M1="2" M2="4" P1="80,340" /><JR M1="18" M2="19" P1="1505,-300" /><JP M1="19" M2="17" AXIS="0,1" /><JP M1="38" M2="37" AXIS="0,1" /><JP M1="4" M2="36" AXIS="1,0" /><JR M1="19" M2="50" P1="2095,-300" /><JP M1="50" M2="49" AXIS="0,1" /><JR M1="2" M2="37" P1="225,202" /><JR M1="42" M2="40" MV="Infinity,-0.2" /><JR M1="45" M2="40" MV="Infinity,-0.2" /><JR M1="46" M2="40" MV="Infinity,-0.2" /><JR M1="47" M2="40" MV="Infinity,-0.2" /><JR M1="43" M2="40" MV="Infinity,-0.2" /><JR M1="44" M2="40" MV="Infinity,-0.2" /><JR M1="48" M2="40" MV="Infinity,-0.2" /><JR M1="10" M2="8" MV="Infinity,0.05" /><JR M1="11" M2="8" MV="Infinity,0.05" /><JR M1="12" M2="8" MV="Infinity,0.05" /><JR M1="16" M2="8" MV="Infinity,0.05" /><JR M1="13" M2="8" MV="Infinity,0.05" /><JR M1="14" M2="8" MV="Infinity,0.05" /><JR M1="15" M2="8" MV="Infinity,0.05" /></L></Z></C>
