<C><P F="2" /><Z><S><S T="6" Y="380" H="40" L="120" X="60" P="0,0,.3,.2,,0,0,0" /><S T="6" Y="380" X="740" L="120" H="40" P="0,0,.3,.2,,0,0,0" /><S T="14" Y="340" X="140" L="10" c="4" H="10" P="1,1,.3,.2,,1,60" /><S T="6547" Y="340" X="140" L="40" c="3" H="40" P="1,9e40,.3,.2,,1," /><S T="14" Y="340" X="300" H="10" L="10" c="4" P="1,1,.3,.2,,1,60" /><S T="6547" Y="340" X="300" H="40" L="40" c="3" P="1,9e40,.3,.2,,1," /><S T="14" Y="340" X="540" L="10" c="4" H="10" P="1,1,.3,.2,,1,60" /><S T="6547" Y="340" X="540" H="40" L="40" c="3" P="1,9e40,.3,.2,,1," /></S><D><F X="740" Y="355" /><T X="60" Y="360" /><P T="6" Y="360" P="0" X="715" /><P T="4" Y="361" P="0" X="114" /><P T="3" Y="361" P="0" X="769" /><P T="11" Y="362" P="0" X="93" /><DS X="60" Y="346" /></D><O><O Y="340" C="14" X="140" P="0" /><O Y="340" C="14" P="0" X="300" /><O Y="340" C="14" X="540" P="0" /></O><L><JD P2="200,315" c="324650,2" M1="3" /><JD M2="5" c="324650,2" P1="400,235" /><JD M2="7" c="324650,2" P1="600,315" /></L></Z></C>