<C><P F="2" /><Z><S><S L="80" X="40" H="400" Y="200" T="8" P="0,,.3,.2,," /><S L="80" H="400" X="760" Y="200" T="8" P="0,,.3,.2,," /><S L="800" X="400" H="40" Y="380" T="6" P="0,,.3,.2,," /><S P="1,,.3,.2,," L="40" o="324650" X="500" Y="80" T="13" H="10" /><S L="600" X="500" H="20" Y="130" T="6" P="0,,.3,.2,," /><S L="600" H="20" X="300" Y="230" T="6" P="0,,.3,.2,," /></S><D><DS Y="105" X="640" /><F Y="265" X="140" /><T Y="275" X="575" /><P X="710" Y="360" T="1" P="0" /><P X="225" Y="357" T="11" P="0" /><P P="0,1" Y="362" T="11" X="235" /><P X="330" Y="120" T="4" P="0" /><P X="552" Y="219" T="2" P="0" /><P X="675" Y="360" T="1" P="0" /><P X="275" Y="220" T="0" P="0" /><P X="100" Y="217" T="3" P="0" /><P X="680" Y="365" T="5" P="0" /><P X="585" Y="120" T="12" P="0" /><P X="510" Y="360" T="12" P="0,1" /></D><O /></Z></C>