<C><P F="2" /><Z><S><S L="120" X="60" H="30" Y="140" T="6" P="0,,.3,.2,," /><S P="0,,.3,.2,," L="120" o="324650" X="725" Y="400" T="12" H="200" /><S L="80" X="220" H="30" Y="385" T="6" P="0,,.3,.2,," /><S L="120" H="300" X="60" Y="275" T="6" P="0,,.3,.2,," /><S L="120" H="30" X="531" Y="140" T="6" P="0,,.3,.2,," /><S L="60" o="324650" X="643" H="400" Y="378" T="12" P="0,,.3,.2,37,,0" /><S L="60" o="324650" X="770" H="200" Y="300" T="12" P="0,,.3,.2,," /></S><D><DS Y="360" X="220" /><F Y="220" X="531" /><T Y="125" X="35" /><P X="112" Y="549" T="1" P="1" /><P X="765" Y="205" T="4" P="0" /><P X="80" Y="125" T="0" P="0" /><P X="580" Y="135" T="3" P="0" /><P X="555" Y="130" T="3" P="0" /><P X="565" Y="125" T="3" P="0" /><P X="10" Y="130" T="11" P="0" /><P X="490" Y="130" T="5" P="0" /><P X="225" Y="375" T="12" P="0" /></D><O /></Z></C>