<C><P F="0" mc="" /><Z><S><S L="310" H="20" X="235" Y="190" T="16" P="1,,.3,.2,," /><S L="310" H="20" X="565" Y="190" T="16" P="1,,.3,.2,," /><S L="20" H="80" X="567" Y="240" T="8" P="0,,,.2,," /><S L="20" H="80" X="233" Y="240" T="8" P="0,,,.2,," /><S L="80" H="240" X="35" Y="300" T="6" P="0,,.3,.2,," /><S L="80" H="240" X="765" Y="300" T="6" P="0,,.3,.2,," /><S L="280" H="20" X="400" Y="350" T="8" P="0,,.3,.2,," /></S><D><T Y="179" X="40" /><F Y="175" X="764" /><P X="795" Y="180" T="2" P="0" /><P X="10" Y="180" T="5" P="0" /><P X="730" Y="181" T="11" P="0" /><P X="71" Y="179" T="3" P="0" /></D><O /></Z></C>
