<C><P F="0" /><Z><S><S L="120" H="45" X="60" Y="377" T="6" P="0,,.3,.2,," /><S L="120" H="40" X="150" Y="125" T="6" P="0,,.3,.2,," /><S L="120" o="324650" X="405" H="180" Y="315" T="12" P="0,,.3,.2,," /><S P="0,,.3,.2,-45,,0" L="127.3" o="324650" H="254.6" c="1" Y="360" T="12" X="510" /><S P="0,,.3,.2,," L="300" o="6a7495" X="495" c="4" Y="450" T="12" H="100" /></S><D><F Y="340" X="720" /><DS Y="340" X="60" /><T Y="105" X="150" /><DC Y="340" X="60" /><P P="0" Y="355" T="0" X="35" /><P P="0" Y="105" T="3" X="109" /><P P="0" Y="355" T="11" X="90" /></D><O /></Z></C>
