<C><P F="0" /><Z><S><S L="160" X="80" H="150" Y="345" T="6" P="0,,.3,.2,," /><S L="160" H="150" X="720" Y="247" T="6" P="0,,.3,.2,," /><S L="448" X="418" H="185" Y="452" T="8" P="0,,.3,.2,," /></S><D><T Y="270" X="81" /><F Y="168" X="720" /><P X="44" Y="282" T="1" P="0" /><DS Y="256" X="34" /><P X="682" Y="184" T="5" P="0" /><P X="752" Y="181" T="12" P="0" /><P X="121" Y="271" T="3" P="0" /><P X="663" Y="176" T="11" P="0" /></D><O><O C="6" Y="330" X="422" P="0" /><O C="6" Y="330" X="422" P="0" /><O C="6" Y="330" X="422" P="0" /><O C="6" Y="330" X="422" P="0" /><O C="6" Y="330" X="422" P="0" /><O C="6" Y="330" X="422" P="0" /><O C="6" Y="330" X="422" P="0" /><O C="6" Y="330" X="422" P="0" /><O C="6" Y="330" X="422" P="0" /><O C="6" Y="330" X="422" P="0" /><O C="6" Y="330" X="422" P="0" /><O C="6" Y="330" X="422" P="0" /><O C="6" Y="330" X="422" P="0" /><O C="6" Y="330" X="422" P="0" /><O C="6" Y="330" X="422" P="0" /><O C="6" Y="330" X="422" P="0" /><O C="6" Y="330" X="422" P="0" /><O C="6" Y="330" X="422" P="0" /><O C="6" Y="330" X="422" P="0" /><O C="6" Y="330" X="422" P="0" /><O C="6" Y="330" X="422" P="0" /><O C="6" Y="330" X="422" P="0" /><O C="6" Y="330" X="422" P="0" /><O C="6" Y="330" X="422" P="0" /><O C="6" Y="330" X="422" P="0" /><O C="6" Y="330" X="422" P="0" /><O C="6" Y="330" X="422" P="0" /><O C="6" Y="330" X="422" P="0" /><O C="6" Y="330" X="422" P="0" /><O C="6" Y="330" X="422" P="0" /></O></Z></C>