<C><P F="0" /><Z><S><S L="120" H="240" X="540" Y="280" T="8" P="0,,.3,.2,," /><S L="120" X="540" H="240" Y="280" T="8" P="0,,.3,.2,," /><S L="400" X="240" H="40" Y="380" T="6" P="0,,.3,.2,," /><S L="120" X="539" H="40" Y="380" T="6" P="0,,.3,.2,," /><S L="120" H="40" X="100" Y="180" T="6" P="0,,.3,.2,," /></S><D><F Y="224" X="700" /><T Y="162" X="97" /><P X="300" Y="418" T="6" P="0,1" /><P X="146" Y="361" T="0" P="0" /><P X="238" Y="361" T="3" P="0" /><P X="80" Y="363" T="11" P="0" /><DS Y="345" X="100" /><P X="139" Y="194" T="6" P="0" /><P X="518" Y="360" T="0" P="0" /><DC Y="345" X="100" /></D><O /></Z></C>