<C><P F="1" /><Z><S><S L="40" X="400" H="241" Y="242" T="2" P="0,,1.2,," /><S L="800" X="400" H="92" Y="390" T="6" P="0,,.3,.2,," /></S><D><T Y="344" X="190" /><F Y="340" X="610" /><P X="467" Y="343" T="0" P="0" /><P X="511" Y="342" T="3" P="0" /><P X="752" Y="343" T="5" P="0" /><P X="75" Y="343" T="1" P="0" /><P X="314" Y="343" T="11" P="0" /><P X="251" Y="345" T="12" P="0" /><P X="671" Y="343" T="4" P="0" /><P X="102" Y="342" T="2" P="0" /><DC Y="329" X="190" /><DS Y="329" X="190" /></D><O /></Z></C>