<C><P F="2" /><Z><S><S L="120" H="200" X="59" Y="327" T="6" P="0,,.3,.2,," /><S L="120" H="40" X="741" Y="123" T="6" P="0,,.3,.2,," /><S L="50" H="11" X="627" Y="151" T="8" P="1,,.3,.2,-90,,0" /><S L="50" X="647" H="11" Y="129" T="8" P="1,,.3,.2,," /><S L="50" X="607" H="11" Y="176" T="8" P="1,,.3,.2,-180,,0" /><S L="50" H="11" X="562" Y="177" T="8" P="1,,.3,.2,-180,,0" /><S L="50" H="11" X="518" Y="178" T="8" P="1,,.3,.2,-180,,0" /><S L="50" H="11" X="474" Y="179" T="8" P="1,,.3,.2,-360,,0" /><S L="50" H="11" X="432" Y="179" T="8" P="1,,.3,.2,-180,,0" /><S L="50" X="392" H="11" Y="181" T="8" P="1,,.3,.2,-180,,0" /><S L="50" H="11" X="351" Y="182" T="8" P="1,,.3,.2,," /><S L="50" H="11" X="312" Y="181" T="8" P="1,,.3,.2,-360,,0" /><S L="50" X="275" H="11" Y="215" T="8" P="1,,.3,.2,-180,,0" /><S L="50" H="11" X="292" Y="198" T="8" P="1,,.3,.2,90,,0" /><S L="50" H="11" X="214" Y="232" T="8" P="1,,.3,.2,90,,0" /><S L="50" X="195" H="11" Y="248" T="8" P="1,,.3,.2,180,,0" /><S L="50" H="11" X="149" Y="248" T="8" P="1,,.3,.2,180,,0" /><S L="50" H="11" X="236" Y="216" T="8" P="1,,.3,.2,," /></S><D><P P="0" Y="232" T="6" X="106" /><P P="0" Y="230" T="2" X="23" /><P P="0" Y="231" T="12" X="87" /><DS Y="209" X="60" /><DC Y="210" X="60" /><T Y="229" X="60" /><F Y="101" X="735" /><P X="778" Y="108" T="5" P="0" /><P X="696" Y="105" T="2" P="0" /><P X="783" Y="108" T="3" P="0,1" /></D><O><O C="11" Y="128" P="0" X="669" /><O C="14" Y="131" P="0" X="628" /><O C="14" Y="174" X="624" P="0" /><O C="14" Y="177" P="0" X="585" /><O C="14" Y="179" X="541" P="0" /><O C="14" Y="181" P="0" X="410" /><O C="14" Y="177" P="0" X="456" /><O C="14" Y="180" P="0" X="495" /><O C="14" Y="184" P="0" X="370" /><O C="14" Y="183" P="0" X="334" /><O C="11" Y="248" P="0" X="129" /><O C="14" Y="180" P="0" X="292" /><O C="14" Y="218" P="-10" X="254" /><O C="14" Y="216" P="0" X="294" /><O C="14" Y="215" P="0" X="214" /><O C="14" Y="247" P="0" X="172" /><O C="14" Y="249" P="0" X="214" /></O></Z></C>