<C><P F="0" /><Z><S><S L="120" o="324650" H="10" X="400" Y="400" T="13" P="0,,.3,.2,," /><S L="120" o="324650" H="200" X="505" Y="420" T="12" P="0,,.3,.2,-45,,0" /><S P="0,,,,0" L="3000" o="6a7495" H="200" c="4" Y="500" T="12" X="400" /><S L="160" H="30" X="140" Y="180" T="6" P="0,,.3,.2,," /><S L="160" H="30" X="660" Y="280" T="6" P="0,,.3,.2,," /><S L="120" o="324650" H="200" X="296" Y="420" T="12" P="0,,.3,.2,45,,0" /></S><D><P X="640" Y="265" T="0" P="0" /><DC Y="265" X="400" /><F Y="180" X="700" /><T Y="85" X="100" /><P X="320" Y="350" T="6" P="0" /><DS Y="265" X="400" /><P X="615" Y="265" T="1" P="0" /><P X="190" Y="165" T="4" P="0" /><P X="700" Y="263" T="11" P="0" /><P X="100" Y="165" T="12" P="0" /><P X="150" Y="163" T="3" P="0" /><P X="690" Y="338" T="79" P="0" /><P X="100" Y="238" T="79" P="0" /></D><O /></Z></C>