<C><P F="0" /><Z><S><S L="15" X="322" H="85" Y="357" T="1" P="0,,.2,," /><S L="15" H="55" X="185" Y="372" T="1" P="0,,.2,," /><S L="15" H="115" X="459" Y="342" T="1" P="0,,.2,," /><S L="15" X="596" H="145" Y="327" T="1" P="0,,.2,," /><S L="120" X="60" H="35" Y="160" T="6" P="0,,.3,.2,," /><S L="120" X="339" H="35" Y="160" T="6" P="0,,.3,.2,," /><S L="800" X="400" H="40" Y="380" T="6" P="0,,.3,.2,," /></S><D><F Y="357" X="693" /><DC Y="346" X="67" /><DS Y="347" X="67" /><T Y="144" X="67" /><P X="733" Y="360" T="1" P="1" /><P X="32" Y="361" T="0" P="1" /><P X="71" Y="360" T="3" P="0" /><P P="1,1" Y="360" T="5" X="760" /><P P="1" Y="142" T="5" X="24" /><P P="0" Y="142" T="12" X="361" /><P P="0" Y="143" T="11" X="102" /><P X="306" Y="143" T="3" P="0,1" /><P X="288" Y="144" T="11" P="0" /><P X="544" Y="360" T="11" P="0,1" /><P X="281" Y="359" T="11" P="0" /><P X="103" Y="361" T="4" P="0,1" /><P X="773" Y="361" T="13" P="0" /><P X="259" Y="359" T="3" P="0,1" /><P X="497" Y="360" T="12" P="1" /><P X="391" Y="361" T="3" P="0" /><P X="371" Y="360" T="3" P="0,1" /></D><O /></Z></C>