<C><P F="" /><Z><S><S L="80" H="240" X="40" Y="440" T="6" P="0,,.3,.2,," /><S L="80" X="760" H="240" Y="439" T="6" P="0,,.3,.2,," /><S L="30" H="265" X="174" Y="465" T="1" P="1,,.2,," /><S L="30" X="287" H="265" Y="465" T="1" P="1,,.2,," /><S L="30" X="402" H="265" Y="465" T="1" P="1,,.2,," /><S L="30" H="265" X="519" Y="465" T="1" P="1,,.2,," /><S L="30" X="634" H="265" Y="465" T="1" P="1,,.2,," /><S P="1,-1,.3,.2,," L="10" o="324650" X="725" Y="515" T="12" H="10" /><S L="10" o="324650" X="75" H="10" Y="515" T="12" P="1,-1,.3,.2,," /></S><D><T Y="320" X="46" /><F Y="316" X="760" /><P P="0" Y="318" T="6" X="788" /><P P="1" Y="320" T="3" X="727" /><P X="739" Y="319" T="3" P="0,1" /><P P="1" Y="322" T="5" X="24" /><P X="72" Y="319" T="3" P="0" /></D><O><O C="11" Y="421" P="0" X="175" /><O C="11" Y="421" X="288" P="0" /><O C="11" Y="421" X="404" P="0" /><O C="11" Y="421" P="0" X="520" /><O C="11" Y="421" X="636" P="0" /></O><L><JR P1="175,421" M1="2" /><JR P1="288,421" M1="3" /><JR P1="404,421" M1="4" /><JR P1="520,421" M1="5" /><JR P1="636,421" M1="6" /></L></Z></C>