<C><P F="1" dodue="" DS="m;80,265,720,265" /><Z><S><S L="320" H="20" X="400" Y="290" T="999" P="1,50000,.3,,,1" /><S L="280" X="140" H="20" Y="170" T="6" P="0,,.3,,,0" /><S L="280" H="20" X="660" Y="170" T="6" P="0,,.3,,,0" /><S L="40" X="400" H="60" Y="370" T="6" P="0,,.3,,,0" /><S L="160" X="80" H="120" Y="340" T="6" P="0,,.3,.2,," /><S L="160" H="120" X="720" Y="340" T="6" P="0,,.3,.2,," /><S P="0,,.3,.2,," L="140" o="6a7495" X="550" c="4" Y="-25" T="12" H="50" /></S><D><F Y="260" X="260" /><F Y="260" X="540" /><P X="668" Y="278" T="0" P="0" /><P X="558" Y="158" T="1" P="0" /><P X="393" Y="337" T="3" P="0,1" /><P X="102" Y="298" T="5" P="0,1" /><P X="413" Y="338" T="11" P="0" /><P X="687" Y="293" T="32" P="0,1" /><P X="560" Y="168" T="5" P="0,1" /><P X="43" Y="278" T="5" P="0" /><P X="753" Y="278" T="3" P="1" /><P X="788" Y="277" T="3" P="0,1" /><P X="142" Y="278" T="3" P="0,1" /><P X="22" Y="278" T="11" P="1,1" /><P X="613" Y="160" T="11" P="0" /><P X="702" Y="158" T="12" P="1,1" /><P P="0" Y="160" T="12" X="728" /><P X="242" Y="158" T="3" P="0,1" /><P P="1,1" Y="148" T="6" X="47" /><P X="28" Y="158" T="0" P="1" /><P X="263" Y="158" T="4" P="0" /><T Y="160" X="140" /><T Y="160" X="660" /><DC Y="145" X="140" /></D><O><O C="11" Y="290" P="0" X="400" /></O></Z></C>