<C><P mc="" dodue="" F="0" /><Z><S><S X="400" L="800" Y="400" H="60" P="0,,.3,.2,," T="6" /><S X="200" o="324650" L="10" Y="70" c="4" H="10" m="" T="13" P="0,,.3,.2,," /><S X="400" o="324650" L="10" Y="70" c="4" H="10" m="" T="13" P="0,,.3,.2,," /><S X="600" o="324650" L="10" Y="70" c="4" H="10" m="" T="13" P="0,,.3,.2,," /><S X="600" o="0" L="10" Y="260" c="4" H="10" m="" T="13" P="1,1600,.3,.2,,1," /><S X="200" o="0" L="10" Y="260" c="4" H="10" m="" T="13" P="1,500,.3,.2,,1," /><S X="400" o="0" L="10" Y="260" c="4" H="10" m="" T="13" P="1,900,.3,.2,,1," /><S X="760" L="80" Y="270" H="200" P="0,,.3,.2,," T="6" /><S X="40" L="80" Y="320" H="100" P="0,,.3,.2,," T="6" /></S><D><DS X="620" Y="355" /><F X="200" Y="265" /><F X="400" Y="265" /><F X="600" Y="265" /><T X="40" Y="270" /><P X="748" P="0" T="0" Y="170" /><P X="75" P="0" T="3" Y="270" /><P X="685" P="0,1" T="12" Y="369" /><P X="126" P="0" T="83" Y="372" /><P X="315" P="1" T="134" Y="575" /><P X="721" P="1" T="134" Y="574" /><P X="780" P="0" T="3" Y="172" /></D><O><O C="2" X="400" P="0" Y="260" /><O C="2" X="200" P="0" Y="260" /><O C="2" X="600" P="0" Y="260" /><O C="14" X="195" P="0" Y="261" /><O C="14" X="204" P="0" Y="260" /><O C="14" X="394" P="0" Y="262" /><O C="14" X="403" P="0" Y="261" /><O C="14" X="594" P="0" Y="256" /><O C="14" X="603" P="0" Y="261" /></O><L><JD c="324650,3,100," M1="1" M2="5" /><JD c="324650,3,100," M1="2" M2="6" /><JD c="324650,3,100," M1="3" M2="4" /></L></Z></C>