<C><P dodue="" F="2" /><Z><S><S X="220" L="360" Y="90" H="20" P="1,100,.2,.2,,1," T="0" /><S X="780" L="40" Y="160" H="320" P="0,,,,0" T="8" /><S X="440" L="80" Y="430" H="120" P="0,,.3,.2,," T="6" /><S X="40" L="80" Y="390" H="120" P="0,,.3,.2,," T="6" /><S X="200" L="40" Y="120" H="400" P="0,,.2,.2,90,,0" T="6" /><S X="-200" L="40" Y="120" H="400" P="0,,.2,.2,270,,0" T="6" /><S X="720" L="80" Y="360" H="160" P="0,,.3,.2,-90,,0" T="6" /><S X="880" L="80" Y="360" H="160" P="0,,.3,.2,90,,0" T="6" /></S><D><T X="40" Y="330" /><F X="550" Y="70" /><F X="140" Y="190" /><F X="725" Y="70" /><DS X="220" Y="65" /><P X="705" P="0" T="1" Y="325" /><P X="34" P="0" T="4" Y="104" /><P X="681" P="0" T="0" Y="322" /><P X="736" P="0" T="12" Y="322" /><P X="408" P="0" T="11" Y="375" /><P X="76" P="0" T="12" Y="99" /><DC X="22" Y="84" /><P X="64" P="0" T="5" Y="114" /><P X="16" P="0,1" T="6" Y="340" /><P X="450" P="0" T="5" Y="370" /><P X="323" P="0" T="3" Y="103" /><P X="198" P="0" T="11" Y="103" /></D><O /></Z></C>