<C><P dodue="" F="3" /><Z><S><S X="740" L="120" Y="340" H="120" P="0,,.3,.2,," T="6" /><S X="400" L="40" Y="355" H="90" P="0,,.3,.2,," T="8" /><S X="60" L="120" Y="340" H="120" P="0,,.3,.2,," T="6" /><S X="400" L="450" Y="295" H="30" P="1,,.3,.2,," T="0" /><S X="400" L="120" Y="100" H="50" P="0,,.3,.2,," T="6" /></S><D><T X="400" Y="75" /><F X="400" Y="270" /><F X="740" Y="270" /><F X="60" Y="270" /><P X="700" P="0" T="1" Y="280" /><P X="370" P="0" T="12" Y="75" /><DC X="400" Y="60" /></D><O /></Z></C>
