<C><P F="0" /><Z><S><S L="160" H="160" X="400" Y="320" T="19" P="0,,.3,,,0" /><S L="800" H="40" X="400" Y="380" T="6" P="0,,.3,.2,," /><S L="160" X="400" H="160" Y="80" T="19" P="0,,.3,,180,,0" /><S L="160" H="3000" X="400" Y="-1500" T="19" P="0,,.3,,180,,0" /><S P="0,,.3,.2,," L="800" o="6a7495" X="400" c="4" Y="-1500" T="12" H="3000" /></S><D><T Y="360" X="45" /><F Y="356" X="745" /><P P="0" Y="360" T="6" X="681" /><P P="0" Y="361" T="3" X="659" /><P P="0" Y="360" T="4" X="270" /><P P="0" Y="363" T="11" X="645" /><P P="0" Y="360" T="12" X="233" /><P P="0" Y="379" T="21" X="759" /><P P="0" Y="360" T="0" X="100" /></D><O /></Z></C>