<C><P F="7" /><Z><S><S L="20" X="250" H="80" Y="140" T="8" P="1,,.3,,,0" /><S L="20" H="80" X="400" Y="140" T="8" P="1,,.3,,,0" /><S L="20" X="550" H="80" Y="140" T="8" P="1,,.3,,,0" /><S L="20" X="250" H="240" Y="300" T="10" P="1,,.3,,,0" /><S L="20" H="240" X="400" Y="300" T="10" P="1,,.3,,,0" /><S L="20" X="550" H="240" Y="300" T="10" P="1,,.3,,,0" /><S L="120" X="60" H="240" Y="280" T="6" P="0,,.3,,,0" /><S L="120" H="240" X="740" Y="280" T="6" P="0,,.3,,,0" /><S L="360" H="20" X="400" Y="70" T="19" P="1,,.15,,,0" /></S><D><T Y="160" X="60" /><F Y="156" X="740" /><P P="1" Y="159" T="3" X="20" /><P P="0" Y="160" T="0" X="88" /><P P="1" Y="158" T="12" X="765" /></D><O><O C="11" Y="410" X="250" P="0" /><O C="11" Y="410" P="0" X="400" /><O C="11" Y="410" X="550" P="0" /></O><L><JP AXIS="0,1" M1="3" M2="0" /><JP AXIS="1" M1="0" M2="3" /><JP AXIS="0,1" M1="4" M2="1" /><JP AXIS="1" M1="1" M2="4" /><JP AXIS="0,1" M1="5" M2="2" /><JP AXIS="1" M1="2" M2="5" /></L></Z></C>