<C><P F="0" /><Z><S><S L="115" X="57" H="258" Y="307" T="6" P="0,,.3,.2,," /><S L="115" H="258" X="742" Y="307" T="6" P="0,,.3,.2,," /><S L="20" X="223" H="10" Y="307" T="1" P="0,,.2,," /><S L="20" X="402" H="10" Y="307" T="1" P="0,,.2,," /><S L="20" X="578" H="10" Y="307" T="1" P="0,,.2,," /><S L="165" X="223" H="10" Y="297" T="0" P="1,,.3,.2,," /><S L="165" H="10" X="402" Y="297" T="0" P="1,,.3,.2,," /><S L="165" X="578" H="10" Y="297" T="0" P="1,,.3,.2,," /></S><D><F Y="173" X="743" /><T Y="178" X="55" /><DS Y="163" X="54" /><DC Y="165" X="745" /></D><O /></Z></C>