<C><P F="0" /><Z><S><S L="120" X="265" H="70" Y="390" T="6" P="0,,.3,.2,," /><S P="0,,.3,.2,-60,,0" L="280" o="324650" H="115" Y="315" T="12" X="679" /><S P="0,,.3,.2,," L="320" H="30" Y="140" T="6" X="160" /><S P="0,,.3,.2,-90,,0" L="280" o="324650" H="100" Y="305" T="12" X="750" /><S P="0,,.3,.2,," L="30" o="324650" H="30" Y="395" T="12" X="695" /></S><D><DS Y="340" X="267" /><F Y="120" X="40" /><P X="244" Y="355" T="0" P="0" /><P X="223" Y="354" T="3" P="1" /><P X="263" Y="125" T="5" P="0" /><P X="263" Y="125" T="5" P="0" /><P X="55" Y="125" T="11" P="1" /><T Y="165" X="770" /></D><O /></Z></C>