<C><P F="1" /><Z><S><S X="397" L="588" H="16" c="2" Y="232" T="8" P="0,,.3,.2,," /><S L="560" X="400" H="120" Y="431" T="6" P="0,,.3,.2,," /><S L="120" X="60" H="300" Y="373" T="6" P="0,,.3,.2,," /><S L="120" X="740" H="300" Y="373" T="6" P="0,,.3,.2,," /></S><D><DS Y="210" X="62" /><F Y="368" X="400" /><T Y="223" X="60" /><T Y="223" X="740" /><P X="153" Y="378" T="0" P="0" /><P X="632" Y="379" T="5" P="0" /><P X="184" Y="373" T="11" P="0" /><P X="688" Y="230" T="4" P="0" /><P X="773" Y="222" T="6" P="0" /><P X="100" Y="248" T="1" P="0" /><P X="22" Y="228" T="11" P="0" /><DC Y="210" X="60" /></D><O><O C="28" Y="282" P="0" X="138" /><O C="28" Y="351" P="0" X="660" /><O C="28" Y="350" P="0" X="425" /><O C="28" Y="262" P="0" X="318" /><O C="28" Y="262" P="0" X="175" /><O C="28" Y="350" P="0" X="211" /><O C="28" Y="350" P="0" X="138" /><O C="28" Y="318" P="0" X="247" /><O C="28" Y="282" P="0" X="353" /><O C="28" Y="318" P="0" X="318" /><O C="28" Y="262" P="0" X="621" /><O C="28" Y="318" P="0" X="461" /><O C="28" Y="350" P="0" X="500" /><O C="28" Y="350" P="0" X="580" /><O C="28" Y="318" P="0" X="541" /><O C="28" Y="262" P="0" X="461" /><O C="28" Y="282" P="0" X="425" /><O C="28" Y="282" P="0" X="580" /><O C="28" Y="319" P="0" X="621" /><O C="28" Y="262" P="0" X="541" /><O C="28" Y="318" P="0" X="175" /><O C="28" Y="282" P="0" X="660" /><O C="28" Y="262" P="0" X="390" /><O C="28" Y="262" P="0" X="247" /><O C="28" Y="318" P="0" X="390" /><O C="28" Y="350" P="0" X="353" /><O C="28" Y="282" P="0" X="211" /><O C="28" Y="282" P="0" X="500" /><O C="28" Y="282" P="0" X="282" /><O C="28" Y="350" P="0" X="282" /></O></Z></C>