<C><P F="2" /><Z><S><S L="120" X="38" H="50" Y="377" T="6" P="0,,.3,.2,," /><S L="120" X="765" H="50" Y="377" T="6" P="0,,.3,.2,," /><S H="10" L="10" X="177" c="2" Y="407" T="0" P="0,,.3,.2,," /><S H="10" L="10" X="330" c="2" Y="407" T="0" P="0,,.3,.2,," /><S H="10" L="10" X="472" c="2" Y="408" T="0" P="0,,.3,.2,," /><S H="10" L="10" X="624" c="2" Y="408" T="0" P="0,,.3,.2,," /><S L="800" H="10" X="400" Y="405" T="8" P="0,,.3,.2,," /><S L="25" o="324650" X="177" H="10" Y="357" T="13" P="1,,.3,.2,," /><S P="1,,.3,.2,," L="25" o="324650" H="10" Y="357" T="13" X="330" /><S L="30" H="20" X="177" Y="390" T="8" P="0,,.3,.2,," /><S L="30" X="330" H="20" Y="390" T="8" P="0,,.3,.2,," /><S L="30" H="20" X="472" Y="390" T="8" P="0,,.3,.2,," /><S L="25" o="324650" H="10" X="472" Y="357" T="13" P="1,,.3,.2,," /><S L="30" X="624" H="20" Y="390" T="8" P="0,,.3,.2,," /><S P="1,,.3,.2,," L="25" o="324650" X="624" Y="357" T="13" H="10" /></S><D><T Y="352" X="46" /><P X="787" Y="351" T="6" P="0" /><P X="15" Y="352" T="12" P="0" /><F Y="349" X="754" /></D><O /></Z></C>