<C><P F="0" /><Z><S><S P="0,,.3,.2,," L="100" o="324650" X="165" Y="343" T="12" H="170" /><S L="110" o="324650" X="238" H="200" Y="370" T="12" P="0,,.3,.2,-40,,0" /><S L="120" X="484" H="38" Y="383" T="6" P="0,,.3,.2,," /><S L="280" X="661" H="25" Y="167" T="6" P="0,,.3,.2,," /><S L="80" X="40" H="25" Y="114" T="6" P="0,,.3,.2,," /></S><D><DS Y="243" X="164" /><F Y="150" X="775" /><P X="449" Y="364" T="1" P="0" /><P X="515" Y="366" T="4" P="0" /><T Y="102" X="40" /><DC Y="243" X="164" /></D><O /></Z></C>