<C><P F="2" /><Z><S><S L="200" H="40" X="100" Y="380" T="6" P="0,,.3,.2,," /><S L="160" X="720" H="400" Y="380" T="6" P="0,,.3,.2,," /><S L="200" X="100" H="40" Y="160" T="6" P="0,,.3,.2,," /><S L="680" H="40" X="-340" Y="160" T="6" P="0,,.3,.2,," /><S L="445" H="40" X="420" Y="380" T="8" P="0,,.3,.2,," /></S><D><F Y="136" X="80" /><T Y="180" X="720" /><DS Y="345" X="100" /><DC Y="345" X="100" /><P P="0" Y="359" T="3" X="163" /><P P="0" Y="359" T="3" X="181" /><P P="0" Y="359" T="6" X="140" /><P X="769" Y="180" T="11" P="0" /></D><O><O C="2" Y="330" X="230" P="0" /><O C="2" Y="210" X="290" P="0,1" /><O C="2" Y="210" X="230" P="0" /><O C="2" Y="270" X="230" P="0,1" /><O C="2" Y="270" X="290" P="0" /><O C="2" Y="330" X="290" P="0,1" /><O C="2" Y="270" P="0,1" X="350" /><O C="2" Y="210" P="0" X="350" /><O C="2" Y="330" X="350" P="0" /></O></Z></C>