<C><P F="7" /><Z><S><S P="0,,.3,.2,90,,0" L="242" o="324650" H="10" Y="287" T="12" X="5" /><S P="0,,.3,.2,,,0" L="242" o="324650" H="10" Y="171" T="12" X="122" /><S P="0,,.3,.2,-45,,0" L="337" o="324650" H="10" Y="292" T="12" X="120" /><S P="0,,.3,.2,," L="146" o="324650" H="83" Y="216" T="12" X="81" /><S P="0,,.3,.2,," L="10" o="324650" H="147" Y="324" T="12" X="14" /><S P="0,,.3,.2,," L="78" o="324650" H="69" Y="286" T="12" X="54" /><S P="0,,.3,.2,," L="10" o="324650" H="65" Y="280" T="12" X="95" /><S P="0,,.3,.2,," L="82" o="324650" H="15" Y="180" T="12" X="190" /><S P="0,,.3,.2,," L="42" o="324650" H="44" Y="203" T="12" X="170" /><S P="0,,.3,.2,," L="35" o="324650" H="46" Y="330" T="12" X="34" /><S P="0,,.3,.2,-45,,0" L="290" o="324650" H="20" Y="278" T="12" X="115" /><S P="0,,.3,.2,," L="27" o="324650" H="40" Y="267" T="12" X="108" /><S P="0,,.3,.2,," L="52" o="324650" H="36" Y="325" T="12" X="41" /><S P="0,,.3,.2,," L="19" o="324650" H="21" Y="353" T="12" X="23" /><S P="1,,.3,.2,," L="500" H="10" Y="172" T="0" X="507" /><S P="0,,.3,.2,180,,0" L="15" H="252" Y="302" T="8" X="507" /></S><D><DC Y="151" X="185" /><F Y="161" X="714" /><T Y="166" X="122" /><P C="48230c" X="44" Y="190" T="20" P="0" /><P X="70" Y="167" T="4" P="0" /></D><O /></Z></C>