<C><P F="0" /><Z><S><S H="249" L="871" o="6a7495" X="406" c="4" Y="525" T="12" P="0,,.3,.2,," /><S L="200" X="100" H="26" Y="161" T="6" P="0,,.3,.2,," /><S L="3000" H="26" X="-1500" Y="161" T="6" P="0,,.3,.2,," /><S L="160" X="80" H="181" Y="411" T="6" P="0,,.3,.2,," /><S L="160" H="181" X="503" Y="363" T="6" P="0,,.3,.2,," /></S><D><F Y="145" X="727" /><T Y="148" X="49" /><DS Y="306" X="88" /><P X="34" Y="322" T="0" P="1" /><P X="34" Y="320" T="6" P="0" /><DC Y="306" X="88" /></D><O /></Z></C>
