<C><P mc="" F="0" /><Z><S><S L="120" H="300" X="60" Y="270" T="6" P="0,,.3,.2,," /><S L="120" X="740" H="80" Y="380" T="6" P="0,,.3,.2,," /><S L="80" H="40" X="250" Y="150" T="6" P="1,,.3,.2,," /><S L="80" X="400" H="40" Y="120" T="6" P="1,,.3,.2,," /><S L="80" H="40" X="550" Y="90" T="6" P="1,,.3,.2,," /><S L="120" X="103" H="300" Y="376" T="6" P="0,,.3,.2,10,,0" /><S L="80" X="340" H="40" Y="280" T="6" P="1,,.3,.2,," /><S L="80" H="40" X="490" Y="250" T="6" P="1,,.3,.2,," /><S L="80" X="640" H="40" Y="220" T="6" P="1,,.3,.2,," /><S L="80" X="690" H="40" Y="119" T="6" P="0,,.3,.2,," /><S L="60" X="210" H="10" Y="280" T="0" P="1,,.3,.2,50,,0" /><S L="60" H="10" X="250" Y="314" T="0" P="1,,.3,.2,30,,0" /><S L="60" X="299" H="10" Y="337" T="0" P="1,,.3,.2,20,,0" /><S L="60" H="10" X="348" Y="354" T="0" P="1,,.3,.2,20,,0" /><S L="60" X="399" H="10" Y="367" T="0" P="1,,.3,.2,10,,0" /><S L="60" H="10" X="449" Y="375" T="0" P="1,,.3,.2,10,,0" /><S L="60" X="500" H="10" Y="385" T="0" P="1,,.3,.2,10,,0" /><S L="60" H="10" X="555" Y="389" T="0" P="1,,.3,.2,-1,,0" /><S L="60" X="605" H="10" Y="383" T="0" P="1,,.3,.2,-10,,0" /><S L="60" H="10" X="653" Y="360" T="0" P="1,,.3,.2,-40,,0" /></S><D><DC Y="88" X="696" /><T Y="340" X="740" /><T Y="120" X="60" /><P P="0,1" Y="315" T="1" X="93" /><P P="0" Y="551" T="1" X="183" /><P X="348" Y="575" T="1" P="0" /><P P="0" Y="547" T="1" X="672" /><P X="66" Y="526" T="1" P="1,1" /><P X="772" Y="338" T="6" P="0" /><P X="21" Y="118" T="3" P="0" /><P X="153" Y="251" T="5" P="0" /><DS Y="110" X="60" /><P X="681" Y="98" T="12" P="1" /></D><O><O C="11" Y="150" P="0" X="250" /><O C="11" Y="120" P="0" X="400" /><O C="11" Y="90" P="0" X="550" /><O C="11" Y="280" X="340" P="0" /><O C="11" Y="250" P="0" X="490" /><O C="11" Y="220" X="640" P="0" /><O C="11" Y="261" X="195" P="0" /><O C="14" Y="377" X="632" P="0" /><O C="14" Y="386" X="582" P="0" /><O C="14" Y="390" X="528" P="0" /><O C="14" Y="380" X="475" P="0" /><O C="14" Y="370" X="425" P="0" /><O C="14" Y="362" X="374" P="0" /><O C="14" Y="345" X="324" P="0" /><O C="14" Y="328" X="274" P="0" /><O C="14" Y="302" X="227" P="0" /><O C="11" Y="345" X="672" P="0" /></O></Z></C>