<C><P F="0" /><Z><S><S L="20" X="790" H="400" Y="200" T="5" P="0,,.3,.2,," /><S L="20" H="400" X="10" Y="200" T="5" P="0,,.3,.2,," /><S L="800" H="40" X="400" Y="380" T="6" P="0,,.3,.2,," /><S L="80" H="40" X="40" Y="300" T="6" P="0,,.3,.2,," /><S L="80" H="40" X="40" Y="140" T="6" P="0,,.3,.2,," /><S L="320" X="282" H="40" Y="300" T="6" P="0,,.3,.2,," /><S L="320" H="40" X="520" Y="220" T="6" P="0,,.3,.2,," /><S L="320" X="280" H="40" Y="139" T="6" P="0,,.3,.2,," /><S L="80" X="760" H="40" Y="220" T="6" P="0,,.3,.2,," /><S H="10" L="800" o="6a7495" X="400" c="1" Y="-5" T="12" P="0,,.3,.2,," /><S L="80" H="40" X="640" Y="100" T="6" P="0,,.3,.2,," /></S><D><T Y="360" X="700" /><DC Y="110" X="200" /><P X="167" Y="285" T="0" P="0" /><P X="520" Y="236" T="1" P="0" /><P X="56" Y="283" T="3" P="0" /><P X="747" Y="203" T="2" P="0" /><P X="338" Y="365" T="5" P="0" /><P X="632" Y="368" T="4" P="0" /><P X="560" Y="414" T="6" P="0" /><P X="471" Y="203" T="12" P="0" /><P X="420" Y="123" T="11" P="0" /><P X="769" Y="372" T="21" P="0" /><P X="47" Y="121" T="13" P="0" /><P X="340" Y="122" T="0" P="0" /></D><O /></Z></C>