<C><P F="3" mc="" /><Z><S><S L="120" H="50" X="60" Y="128" T="6" P="0,,.3,.2,," /><S L="10" H="10" X="160" Y="160" T="0" P="1,,.3,.2,," /><S L="35" H="35" X="160" Y="160" T="0" P="1,300,.5,.2,,1," /><S L="10" H="10" X="290" Y="200" T="0" P="1,,.3,.2,," /><S L="35" H="35" X="290" Y="200" T="0" P="1,300,.5,.2,,1," /><S L="10" H="10" X="370" Y="240" T="0" P="1,,.3,.2,," /><S L="35" H="35" X="370" Y="240" T="0" P="1,300,.5,.2,,1," /><S L="10" H="10" X="510" Y="280" T="0" P="1,,.3,.2,," /><S L="35" H="35" X="510" Y="280" T="0" P="1,300,.5,.2,,1," /><S L="10" H="10" X="600" Y="320" T="0" P="1,,.3,.2,," /><S L="35" H="35" X="600" Y="320" T="0" P="1,300,.5,.2,,1," /><S L="120" H="60" X="739" Y="370" T="6" P="0,,.3,.2,," /></S><D><DS Y="91" X="55" /><F Y="335" X="737" /><T Y="102" X="60" /><P P="0" Y="104" T="0" X="30" /><P P="0" Y="102" T="3" X="114" /><P P="0" Y="338" T="6" X="782" /><P P="0" Y="342" T="4" X="691" /><P P="0" Y="336" T="3" X="771" /></D><O><O C="11" Y="70" P="20" X="170" /><O C="14" Y="160" P="0" X="160" /><O C="11" Y="110" P="0" X="280" /><O C="14" Y="200" P="10" X="290" /><O C="11" Y="150" P="10" X="390" /><O C="14" Y="240" P="0" X="370" /><O C="11" Y="190" P="0" X="500" /><O C="14" Y="280" P="0" X="510" /><O C="11" Y="230" P="0" X="610" /><O C="14" Y="320" P="0" X="600" /></O><L><JD c="474E63,2,10" P1="170,70" M1="0" M2="1" /><JD c="474E63,2,10" P1="280,110" M1="0" M2="3" /><JD c="474E63,2,10" P1="390,150" M1="0" M2="5" /><JD c="474E63,2,10" P1="500,190" M1="0" M2="7" /><JD c="474E63,2,10" P1="610,230" M1="0" M2="9" /></L></Z></C>