<C><P F="0" G="0,7" mc="" /><Z><S><S P="0,,.3,.2,," L="800" H="77" c="3" Y="439" T="0" X="401" /><S L="10" o="6a7495" H="10" X="1093" Y="192" T="12" P="0,,.2,," /><S X="411" L="200" o="426373" H="10" c="4" Y="263" T="13" m="" P="1,,,.2,," /><S H="77" L="800" o="426373" X="401" c="3" Y="474" T="0" P="0,,.3,.2,," /><S L="800" H="84" X="400" Y="386" T="6" P="0,,.3,.2,," /></S><D><DS Y="329" X="29" /><F Y="331" X="743" /><T Y="344" X="60" /><P P="0" Y="344" T="1" X="612" /><P P="0" Y="344" T="0" X="662" /><P P="0" Y="348" T="3" X="215" /><P P="0" Y="347" T="5" X="106" /></D><O><O C="6" Y="182" X="514" P="0" /><O C="6" Y="273" X="545" P="0" /><O C="6" Y="354" X="511" P="0" /><O C="6" Y="345" X="315" P="0" /><O C="6" Y="261" X="287" P="0" /><O C="6" Y="182" X="313" P="0" /><O C="6" Y="143" X="411" P="0" /><O C="14" Y="183" X="514" P="0" /><O C="14" Y="274" X="545" P="0" /><O C="14" Y="355" X="511" P="0" /><O C="14" Y="346" X="315" P="0" /><O C="14" Y="262" X="286" P="0" /><O C="14" Y="183" X="313" P="0" /><O C="14" Y="143" X="411" P="0" /><O C="6" Y="379" P="0" X="411" /><O C="14" Y="380" P="0" X="410" /></O><L><JR M2="2" M1="1" MV="Infinity,1" /></L></Z></C>