<C><P DS="m;75,140,725,140" F="0" /><Z><S><S L="100" H="50" X="50" Y="375" T="6" P="0,,.3,.2,," /><S L="100" X="750" H="50" Y="375" T="6" P="0,,.3,.2,," /><S L="20" o="324650" X="545" H="10" Y="135" T="13" P="1,20,10,.2,," /><S L="604" H="20" X="400" Y="390" T="8" P="0,,.3,.2,," /><S P="1,,10,.2,," L="20" o="324650" H="10" Y="135" T="13" X="585" /><S P="1,20,10,.2,," L="20" o="324650" H="10" Y="134" T="13" X="625" /><S L="20" o="324650" H="10" X="565" Y="100" T="13" P="1,10,10,.2,," /><S P="1,10,10,.2,," L="20" o="324650" X="605" Y="100" T="13" H="10" /><S L="20" o="324650" X="585" H="10" Y="65" T="13" P="1,,10,.2,," /><S P="1,,10,.2,," L="20" o="324650" H="10" Y="134" T="13" X="215" /><S P="1,50,10,.2,," L="20" o="324650" H="10" Y="134" T="13" X="255" /><S L="20" o="324650" H="10" X="175" Y="135" T="13" P="1,50,10,.2,," /><S L="20" o="324650" X="195" H="10" Y="100" T="13" P="1,10,10,.2,," /><S P="1,10,10,.2,," L="20" o="324650" H="10" Y="100" T="13" X="235" /><S L="20" o="324650" H="10" X="215" Y="65" T="13" P="1,,10,.2,," /><S P="0,,.3,.2,30,,0" L="10" H="100" c="2" v="400" Y="90" T="14" X="172" /><S X="542" L="10" H="100" c="2" v="400" Y="90" T="14" P="0,,.3,.2,30,,0" /><S P="0,,.3,.2,-30,,0" L="10" X="628" c="2" v="400" Y="90" T="14" H="100" /><S H="100" L="10" X="258" c="2" v="400" Y="90" T="14" P="0,,.3,.2,-30,,0" /><S L="280" X="639" H="50" Y="180" T="6" P="0,,.3,.2,," /><S L="1280" H="50" X="1419" Y="180" T="6" P="0,,.3,.2,," /><S L="280" H="50" X="160" Y="180" T="6" P="0,,.3,.2,," /><S L="1280" X="-620" H="50" Y="180" T="6" P="0,,.3,.2,," /></S><D><T Y="350" X="750" /><T Y="350" X="50" /><F Y="150" X="215" /><F Y="150" X="585" /><P P="0" Y="155" T="0" X="270" /><P P="0,1" Y="155" T="0" X="530" /><P P="0" Y="154" T="6" X="765" /><P P="0,1" Y="155" T="6" X="34" /><P X="727" Y="156" T="3" P="0,1" /><P P="0" Y="156" T="3" X="77" /></D><O /></Z></C>