<C><P F="0" mc="" dodue="" /><Z><S><S L="80" H="25" X="40" Y="120" T="6" P="0,,.3,.2,," /><S L="80" X="760" H="25" Y="120" T="6" P="0,,.3,.2,," /><S L="160" H="25" X="400" Y="120" T="6" P="0,,.3,.2,," /><S L="120" X="400" H="25" Y="240" T="6" P="0,,.3,.2,," /><S L="80" H="25" X="400" Y="360" T="6" P="0,,.3,.2,," /><S L="80" H="25" X="760" Y="240" T="6" P="0,,.3,.2,," /><S L="80" X="40" H="25" Y="240" T="6" P="0,,.3,.2,," /><S L="50" X="299" H="10" v="5000" Y="131" T="0" P="1,,.3,.2,-50,,0" /><S L="50" H="10" X="507" v="6500" Y="120" T="0" P="1,,.3,.2,15,,0" /><S c="2" L="72" o="324650" X="5" H="10" Y="325" T="13" m="" P="0,,.3,.2,," /><S P="0,,.3,.2,," L="72" o="324650" H="10" c="2" Y="263" T="13" m="" X="794" /></S><D><F Y="220" X="400" /><F Y="100" X="400" /><F Y="340" X="400" /><DS Y="217" X="40" /><T Y="108" X="760" /><P X="64" Y="108" T="3" P="0" /><P X="770" Y="228" T="0" P="0" /><P X="728" Y="109" T="11" P="0,1" /><P X="362" Y="229" T="11" P="0" /><P X="470" Y="108" T="4" P="0" /><P X="447" Y="109" T="12" P="0" /><DC Y="97" X="40" /></D><O><O C="60" Y="231" X="108" P="-5" /><O C="60" Y="223" P="-15" X="153" /><O C="11" Y="233" X="86" P="0" /><O C="14" Y="229" P="0" X="131" /><O C="60" Y="208" X="194" P="-25" /><O C="60" Y="187" P="-30" X="233" /><O C="14" Y="198" P="0" X="214" /><O C="14" Y="217" X="174" P="0" /><O C="60" Y="163" X="268" P="-40" /><O C="60" Y="131" P="-50" X="299" /><O C="14" Y="148" P="0" X="286" /><O C="14" Y="177" P="0" X="251" /><O C="11" Y="114" P="0" X="313" /><O C="60" Y="120" X="507" P="15" /><O C="11" Y="114" X="485" P="0" /><O C="60" Y="130" P="10" X="552" /><O C="14" Y="126" X="530" P="0" /><O C="60" Y="120" X="693" P="-15" /><O C="60" Y="130" P="-10" X="648" /><O C="14" Y="126" P="0" X="671" /><O C="11" Y="114" X="715" P="0" /><O C="60" Y="134" X="600" P="0" /><O C="14" Y="134" P="0" X="575" /><O C="14" Y="134" X="625" P="0" /></O></Z></C>