<C><P F="3" dodue="" /><Z><S><S L="120" H="50" X="60" Y="377" T="6" P="0,,.3,,,0" /><S L="120" H="50" X="740" Y="377" T="6" P="0,,.3,,,0" /><S L="780" H="10" X="408" Y="492" T="0" P="0,,,,0" /><S L="110" H="145" X="175" Y="415" T="2" P="1,,1.1,,1," /></S><D><T Y="353" X="60" /><F Y="345" X="740" /><DS Y="340" X="60" /><DC Y="340" X="60" /><F Y="100" X="740" /><P X="696" Y="352" T="1" P="0" /><P P="0" Y="370" T="5" X="38" /><P X="97" Y="358" T="87" P="0" /><P X="15" Y="349" T="3" P="0" /><P X="781" Y="350" T="2" P="0,1" /></D><O /></Z></C>