<C><P F="2" dodue="" /><Z><S><S L="65" X="768" H="400" Y="200" T="8" m="" P="0,,.3,.2,," /><S L="65" X="32" H="400" Y="200" T="8" m="" P="0,,.3,.2,," /><S L="80" X="220" H="80" Y="360" T="6" P="0,,.3,.2,," /><S L="80" X="580" H="80" Y="360" T="6" P="0,,.3,.2,," /><S L="80" X="760" H="80" Y="360" T="6" P="0,,.3,.2,," /><S P="1,85,.3,.2,," L="65" o="324650" X="490" Y="255" T="13" H="10" /><S L="80" X="40" H="80" Y="360" T="6" P="0,,.3,.2,," /><S L="80" X="400" H="80" Y="360" T="6" P="0,,.3,.2,," /><S c="3" L="100" X="130" H="20" Y="390" T="6" P="0,,.3,.2,," /><S c="3" L="100" X="310" H="20" Y="390" T="6" P="0,,.3,.2,," /><S c="3" L="100" X="490" H="20" Y="390" T="6" P="0,,.3,.2,," /><S c="3" L="100" X="670" H="20" Y="390" T="6" P="0,,.3,.2,," /></S><D><T Y="240" X="40" /><F Y="235" X="400" /><F Y="235" X="220" /><F Y="235" X="760" /><P P="0" Y="320" T="6" X="590" /><P P="1,1" Y="320" T="0" X="35" /><P P="0" Y="317" T="3" X="208" /><DS Y="305" X="40" /><P P="1,1" Y="320" T="3" X="760" /><P P="0" Y="380" T="0" X="495" /><P P="0" Y="380" T="11" X="280" /></D><O /></Z></C>