<C><P F="-2" /><Z><S><S L="200" H="550" X="311" Y="349" T="19" P="0,,.3,,-60,,0" /><S X="296" L="550" H="250" c="2" Y="369" T="19" P="0,,.3,,30,,0" /><S L="120" H="400" X="60" Y="320" T="6" P="0,,.3,.2,," /><S L="120" X="740" H="50" Y="375" T="6" P="0,,.3,.2,," /><S H="56" L="19" o="6a7495" X="-9" c="4" Y="338" T="12" P="0,,.3,.2,," /><S P="0,,.3,.2,-90,,0" L="250" o="6a7495" X="396" c="4" Y="525" T="12" H="900" /></S><D><F Y="115" X="60" /><T Y="350" X="743" /><P P="0" Y="352" T="4" X="689" /><P P="0" Y="350" T="6" X="779" /><P P="0" Y="123" T="0" X="33" /><P P="0" Y="120" T="3" X="113" /><P P="0" Y="350" T="11" X="717" /></D><O /></Z></C>