<C><P F="2" /><Z><S><S L="320" X="400" H="120" Y="427" T="9" P="0,,,,,,0" /><S L="240" X="120" H="64" Y="380" T="6" P="0,,.3,.2,," /><S L="240" H="64" X="680" Y="380" T="6" P="0,,.3,.2,," /><S P="0,,.3,,,0" L="321" H="39" c="3" N="" Y="386" T="19" X="400" /><S L="340" o="324650" H="10" X="399" Y="501" T="12" P="0,,.3,.2,," /></S><D><P P="0" Y="350" T="12" X="723" /><DC Y="332" X="51" /><P X="764" Y="349" T="1" P="0" /><P X="214" Y="350" T="4" P="0" /><T Y="347" X="45" /><F Y="342" X="742" /><P P="0" Y="349" T="12" X="192" /><P X="301" Y="385" T="162" P="0" /><P X="351" Y="384" T="162" P="0" /><P X="404" Y="383" T="162" P="0" /><P X="462" Y="381" T="162" P="0" /><P X="505" Y="382" T="162" P="0" /><P X="544" Y="384" T="162" P="0" /><P X="262" Y="385" T="162" P="0" /><P X="220" Y="349" T="106" P="0" /><P P="0" Y="349" T="11" X="12" /></D><O><O C="2" Y="360" X="300" P="0" /><O C="2" Y="360" X="500" P="0" /><O C="1" Y="369" X="380" P="0" /><O C="1" Y="369" X="423" P="0" /></O></Z></C>