<C><P F="1" /><Z><S><S L="80" H="240" X="720" Y="320" T="6" P="0,,.3,.2,20,,0" /><S X="160" L="40" nosync="" H="40" c="3" Y="170" T="19" P="1,999999,.3,,-90,,0" /><S L="520" X="260" H="55" Y="377" T="6" P="0,,.1,.2,," /><S L="80" X="670" H="80" Y="405" T="6" P="0,,.3,.2,-10,,0" /><S P="1,999999,.3,,-90,,0" L="40" nosync="" H="40" c="3" Y="170" T="19" X="400" /><S L="80" H="40" X="550" Y="175" T="6" P="0,,.3,.2,-10,,0" /><S L="120" X="310" H="40" Y="175" T="6" P="0,,.3,.2,15,,0" /><S H="10" L="10" nosync="" X="160" c="2" Y="-171" T="13" P="1,7e14,.3,,," /><S P="1,1e13,9999,,,1,5" L="30" nosync="" H="20" c="2" Y="-14" T="12" X="165" /><S P="1,1e6,,,,1," L="10" H="10" c="4" Y="170" T="13" X="160" /><S H="10" L="10" X="400" c="4" Y="170" T="13" P="1,1e6,,,,1," /><S H="20" L="20" nosync="" X="450" c="4" Y="-171" T="12" P="1,1e14,,,,1," /><S P="1,1e15,,,,1," L="10" H="10" c="2" Y="-3000" T="13" X="160" /><S P="1,1e14,,,,1," L="20" nosync="" X="450" c="4" Y="-14" T="12" H="20" /><S P="1,1e12,,,,1," L="500" nosync="" H="10" c="2" Y="-201" T="12" X="320" /></S><D><T Y="350" X="45" /><P X="500" Y="355" T="4" P="0" /><P X="175" Y="350" T="12" P="0" /><P X="120" Y="350" T="6" P="0" /><F Y="195" X="765" /><P X="300" Y="157" T="0" P="0" /><P P="0,1" Y="350" T="3" X="405" /><P X="530" Y="161" T="2" P="0,1" /><P P="0" Y="155" T="2" X="530" /><P X="395" Y="350" T="3" P="0,1" /><P X="660" Y="510" T="1" P="0" /><P P="0,1" Y="350" T="3" X="385" /></D><O /><L><JR P1="300,170" M1="1" /><JD c="324650,3,1" HZ="1e-15" M1="1" P2="300,170" /><JR P1="540,170" M1="4" /><JD c="324650,3,1" HZ="1e-15" M1="4" P2="550,170" /><JR P1="300,-170" M1="7" /><JP M2="8" MV="Infinity,5.7" AXIS="1," M1="13" /><JR M1="13" M2="8" /><JR M1="9" M2="12" /><JR M1="10" M2="12" /><JR M1="1" M2="9" /><JR M1="4" M2="10" /><JP M2="11" LIM1="-.3333" AXIS="1," M1="12" LIM2="2" /><JR M1="12" M2="7" /><JD M1="12" P2="300,-3e3" /><JP M2="11" AXIS=",1" M1="13" /><JP M2="13" AXIS="1," /><JR M2="14" /></L></Z></C>