<C><P /><Z><S><S L="800" o="324650" X="400" H="70" Y="371" T="12" P="0,,.3,.2,,,0" /><S P="0,,.3,.2,,,0" L="400" o="324650" X="400" v="4200" Y="147" T="12" H="10" /><S P="0,,.3,.2,40,,0" L="10" o="324650" X="657" v="4200" Y="76" T="12" H="190" /><S P="0,,.3,.2,50,,0" L="190" o="324650" X="143" v="4200" Y="76" T="12" H="10" /></S><D><T Y="335" X="75" /><F Y="329" X="741" /></D><O><O C="6" Y="127" P="" X="218" /><O C="6" Y="127" P="" X="248" /><O C="6" Y="127" P="" X="278" /><O C="6" Y="126" P="" X="308" /><O C="6" Y="126" P="" X="337" /><O C="6" Y="127" P="" X="365" /><O C="6" Y="127" P="" X="391" /><O C="6" Y="127" P="" X="415" /><O C="6" Y="128" P="" X="469" /><O C="6" Y="126" P="" X="494" /><O C="6" Y="128" P="" X="444" /><O C="6" Y="121" P="" X="543" /><O C="6" Y="122" P="" X="593" /><O C="6" Y="127" P="" X="569" /><O C="6" Y="127" P="" X="518" /><O C="6" Y="97" P="" X="188" /><O C="6" Y="97" P="" X="218" /><O C="6" Y="97" P="" X="248" /><O C="6" Y="96" P="" X="278" /><O C="6" Y="96" P="" X="307" /><O C="6" Y="97" P="" X="335" /><O C="6" Y="97" P="" X="361" /><O C="6" Y="97" P="" X="385" /><O C="6" Y="99" P="" X="425" /><O C="6" Y="95" P="" X="452" /><O C="6" Y="87" P="" X="407" /><O C="6" Y="95" P="" X="496" /><O C="6" Y="93" P="" X="535" /><O C="6" Y="97" P="" X="514" /><O C="6" Y="97" P="" X="473" /><O C="6" Y="97" X="560" P="" /><O C="6" Y="64" X="160" P="" /><O C="6" Y="63" X="183" P="" /><O C="6" Y="67" X="207" P="" /><O C="6" Y="61" X="235" P="" /><O C="6" Y="95" X="613" P="" /><O C="6" Y="62" X="261" P="" /><O C="6" Y="63" X="289" P="" /><O C="6" Y="64" X="317" P="" /><O C="6" Y="65" X="345" P="" /><O C="6" Y="66" X="374" P="" /><O C="6" Y="60" X="399" P="" /><O C="6" Y="62" X="457" P="" /><O C="6" Y="65" X="487" P="" /><O C="6" Y="66" X="515" P="" /><O C="6" Y="63" X="543" P="" /><O C="6" Y="95" X="585" P="" /><O C="6" Y="62" X="429" P="" /><O C="6" Y="34" X="132" P="" /><O C="6" Y="35" X="159" P="" /><O C="6" Y="26" X="180" P="" /><O C="6" Y="17" X="216" P="" /><O C="6" Y="31" X="241" P="" /><O C="6" Y="32" X="269" P="" /><O C="6" Y="30" X="318" P="" /><O C="6" Y="30" X="340" P="" /><O C="6" Y="34" X="362" P="" /><O C="6" Y="23" X="390" P="" /><O C="6" Y="39" X="412" P="" /><O C="6" Y="39" X="441" P="" /><O C="6" Y="39" X="469" P="" /><O C="6" Y="43" X="564" P="" /><O C="6" Y="65" X="619" P="" /><O C="6" Y="68" X="595" P="" /><O C="6" Y="70" X="569" P="" /><O C="6" Y="63" X="641" P="" /><O C="6" Y="28" X="520" P="" /><O C="6" Y="44" X="597" P="" /><O C="6" Y="30" X="622" P="" /><O C="6" Y="36" X="647" P="" /><O C="6" Y="28" X="673" P="" /><O C="6" Y="20" X="581" P="" /><O C="6" Y="17" X="546" P="" /><O C="6" Y="31" X="492" P="" /><O C="6" Y="40" X="198" P="" /><O C="6" Y="29" X="295" P="" /></O></Z></C>