<C><P F="0" /><Z><S><S L="100" H="40" X="50" Y="380" T="6" P="0,,.3,.2,," /><S L="100" X="218" H="105" Y="352" T="6" P="0,,.3,.2,," /><S L="100" X="390" H="180" Y="315" T="6" P="0,,.3,.2,," /><S L="100" X="566" H="250" Y="275" T="6" P="0,,.3,.2,," /><S L="100" H="300" X="750" Y="250" T="6" P="0,,.3,.2,," /></S><D><T Y="360" X="52" /><F Y="95" X="750" /><P X="194" Y="299" T="1" P="0" /><P X="580" Y="148" T="0" P="0" /><P X="354" Y="225" T="3" P="0" /><P X="375" Y="224" T="3" P="1,1" /></D><O /></Z></C>
